accuracy,classifier,f1,precision,recall
0.7255927475592747,decision_tree,0.6211272915442859,0.6112969400283998,0.6324628744918787
0.7649930264993027,random_forest,0.6600346393502752,0.6888920987173476,0.6394123124955231
0.5233612273361228,logistic_regression,0.38263475338613545,0.3835425564160308,0.4074283478382309
0.601115760111576,nearest_neighbors,0.5378342720190933,0.517083549189329,0.6179848494972956
0.1806136680613668,gaussian_nb,0.15850709469435975,0.3934932876225567,0.29552801519470046
0.7165271966527197,mlp_classifier,0.6050521385341043,0.6107187575591162,0.6042683411656518
0.7531380753138075,one_vs_rest,0.6173768584681962,0.7019588477528044,0.5707252361150266
0.17712691771269176,quadratic_discriminant,0.1633855683217067,0.43212106042081955,0.3093234178130735
0.5655509065550907,svc,0.4188241187888819,0.417784131396036,0.43827434608495386
