accuracy,classifier,f1,precision,recall
0.7025801952580195,decision_tree,0.5984942882512632,0.5875110515338066,0.6113328786382035
0.7629009762900977,random_forest,0.6562262858119425,0.672545817669173,0.6428181820888466
0.5310320781032078,logistic_regression,0.38268907713480105,0.38055705164011944,0.4041072455888796
0.700139470013947,nearest_neighbors,0.5983349891579731,0.5821967822148201,0.6196389157067337
0.25418410041841005,gaussian_nb,0.21597513789642162,0.441851041230015,0.32507721676373813
0.7235006973500697,mlp_classifier,0.6107337770463228,0.6119474229324717,0.609576597315971
0.7698744769874477,one_vs_rest,0.64831581518873,0.7075519414321363,0.6101413080614861
0.18340306834030684,quadratic_discriminant,0.18234699218445038,0.43660019441482495,0.34195563245272736
0.5749651324965133,svc,0.42277654062921255,0.41364525146888564,0.4464512501688489
