accuracy,classifier,f1,precision,recall
0.8824965132496513,decision_tree,0.8271895231956625,0.82638426490436,0.8281683371112173
0.8849372384937239,random_forest,0.8325511277332708,0.8567416831916326,0.8114273612670833
0.5589260808926081,logistic_regression,0.3774952405082985,0.3788370188564777,0.3805634503783225
0.38633193863319387,nearest_neighbors,0.28043662980805634,0.29439650335149703,0.2950671497925839
0.46373779637377965,gaussian_nb,0.337912995894557,0.41673954199939484,0.36835790508430943
0.42538354253835425,mlp_classifier,0.2509035840731901,0.4776999465257191,0.33518029833088336
0.8870292887029289,one_vs_rest,0.8317901169496937,0.8768504506166599,0.7961495947263364
0.4930264993026499,quadratic_discriminant,0.3919032768356053,0.3981126137959021,0.4239698102341658
0.6607391910739191,svc,0.401803837398495,0.5573823102701275,0.3742847586204511
